--DROP TABLE E_CAR_ENGINE;
--DROP TABLE E_CAR;
--DROP TABLE E_CAR_BODY_TYPE;
--DROP TABLE E_CAR_ENGINE_TYPE;

CREATE TABLE "SCOTT"."E_CAR" (	
    "ID" NUMBER(6,0), 
	"MAKE" VARCHAR2(100 BYTE), 
	"MODEL" VARCHAR2(100 BYTE), 
	"BODY_TYPE" SMALLINT,
	"MANUFACTURE_DATE" DATE
);

CREATE TABLE "SCOTT"."E_CAR_ENGINE" (
    "ID" NUMBER(6,0), 
    "ENGINE_TYPE" SMALLINT,
	"ENGINE_SIZE_L" NUMBER,
    "HORSEPOWER" NUMBER
);

CREATE TABLE "SCOTT"."E_CAR_BODY_TYPE" (
    "BODY_TYPE" SMALLINT, 
	"BODY_TYPE_NAME" VARCHAR2(100 BYTE)
);

CREATE TABLE "SCOTT"."E_CAR_ENGINE_TYPE" (
    "ENGINE_TYPE" SMALLINT, 
	"ENGINE_TYPE_NAME" VARCHAR2(100 BYTE)
);

ALTER TABLE "SCOTT"."E_CAR_BODY_TYPE" MODIFY ("BODY_TYPE" NOT NULL ENABLE);
ALTER TABLE "SCOTT"."E_CAR_BODY_TYPE" MODIFY ("BODY_TYPE_NAME" NOT NULL ENABLE);
ALTER TABLE "SCOTT"."E_CAR_BODY_TYPE" ADD CONSTRAINT "E_CAR_BODY_TYPE_PK" PRIMARY KEY ("BODY_TYPE");

ALTER TABLE "SCOTT"."E_CAR_ENGINE_TYPE" MODIFY ("ENGINE_TYPE" NOT NULL ENABLE);
ALTER TABLE "SCOTT"."E_CAR_ENGINE_TYPE" MODIFY ("ENGINE_TYPE_NAME" NOT NULL ENABLE);
ALTER TABLE "SCOTT"."E_CAR_ENGINE_TYPE" ADD CONSTRAINT "E_CAR_ENGINE_TYPE_PK" PRIMARY KEY ("ENGINE_TYPE");

CREATE UNIQUE INDEX "SCOTT"."E_CAR_PK_I" ON "SCOTT"."E_CAR" ("ID");
CREATE UNIQUE INDEX "SCOTT"."E_CAR_ENGINE_PK_I" ON "SCOTT"."E_CAR_ENGINE" ("ID") ;

ALTER TABLE "SCOTT"."E_CAR" MODIFY ("ID" NOT NULL ENABLE);
ALTER TABLE "SCOTT"."E_CAR" MODIFY ("MAKE" NOT NULL ENABLE);
ALTER TABLE "SCOTT"."E_CAR" MODIFY ("MODEL" NOT NULL ENABLE);
ALTER TABLE "SCOTT"."E_CAR" MODIFY ("BODY_TYPE" NOT NULL ENABLE);
ALTER TABLE "SCOTT"."E_CAR" ADD CONSTRAINT "E_CAR_PK" PRIMARY KEY ("ID");
ALTER TABLE "SCOTT"."E_CAR" ADD CONSTRAINT "E_CAR_BODY_TYPE_FK" FOREIGN KEY ("BODY_TYPE")
	  REFERENCES "SCOTT"."E_CAR_BODY_TYPE" ("BODY_TYPE") ENABLE;

ALTER TABLE "SCOTT"."E_CAR_ENGINE" MODIFY ("ENGINE_TYPE" NOT NULL ENABLE);
ALTER TABLE "SCOTT"."E_CAR_ENGINE" MODIFY ("HORSEPOWER" NOT NULL ENABLE);
ALTER TABLE "SCOTT"."E_CAR_ENGINE" ADD CONSTRAINT "E_CAR_ENGINE_PK" PRIMARY KEY ("ID");
ALTER TABLE "SCOTT"."E_CAR_ENGINE" ADD CONSTRAINT "E_CAR_ENGINE_CAR_FK" FOREIGN KEY ("ID")
	  REFERENCES "SCOTT"."E_CAR" ("ID") ENABLE;
ALTER TABLE "SCOTT"."E_CAR_ENGINE" ADD CONSTRAINT "E_CAR_ENGINE_CAR_ENGINE_TYPE_FK" FOREIGN KEY ("ENGINE_TYPE")
	  REFERENCES "SCOTT"."E_CAR_ENGINE_TYPE" ("ENGINE_TYPE") ENABLE;

SET DEFINE OFF;

Insert into SCOTT.E_CAR_BODY_TYPE (BODY_TYPE,BODY_TYPE_NAME) values (1,'Sedan');
Insert into SCOTT.E_CAR_BODY_TYPE (BODY_TYPE,BODY_TYPE_NAME) values (2,'Truck');
Insert into SCOTT.E_CAR_BODY_TYPE (BODY_TYPE,BODY_TYPE_NAME) values (3,'Convertible');
Insert into SCOTT.E_CAR_BODY_TYPE (BODY_TYPE,BODY_TYPE_NAME) values (4,'Other');

Insert into SCOTT.E_CAR_ENGINE_TYPE (ENGINE_TYPE,ENGINE_TYPE_NAME) values (1,'Gasoline');
Insert into SCOTT.E_CAR_ENGINE_TYPE (ENGINE_TYPE,ENGINE_TYPE_NAME) values (2,'Diesel');
Insert into SCOTT.E_CAR_ENGINE_TYPE (ENGINE_TYPE,ENGINE_TYPE_NAME) values (3,'Electric');
Insert into SCOTT.E_CAR_ENGINE_TYPE (ENGINE_TYPE,ENGINE_TYPE_NAME) values (4,'Hybrid');
Insert into SCOTT.E_CAR_ENGINE_TYPE (ENGINE_TYPE,ENGINE_TYPE_NAME) values (5,'Alternative');

Insert into SCOTT.E_CAR (ID,MAKE,MODEL,BODY_TYPE,MANUFACTURE_DATE) values (101,'Ford','Mustang Mach-E',3,TO_DATE('2022-01-04', 'yyyy-mm-dd'));
Insert into SCOTT.E_CAR (ID,MAKE,MODEL,BODY_TYPE,MANUFACTURE_DATE) values (102,'Jaguar','F-Type',3,TO_DATE('2022-01-05', 'yyyy-mm-dd'));
Insert into SCOTT.E_CAR (ID,MAKE,MODEL,BODY_TYPE,MANUFACTURE_DATE) values (103,'Ford','F-150',2,TO_DATE('2022-01-06', 'yyyy-mm-dd'));
Insert into SCOTT.E_CAR (ID,MAKE,MODEL,BODY_TYPE,MANUFACTURE_DATE) values (104,'Dodge','RAM 2500',2,TO_DATE('2022-01-09', 'yyyy-mm-dd'));
Insert into SCOTT.E_CAR (ID,MAKE,MODEL,BODY_TYPE,MANUFACTURE_DATE) values (105,'Toyota','Tacoma',2,TO_DATE('2022-01-12', 'yyyy-mm-dd'));
Insert into SCOTT.E_CAR (ID,MAKE,MODEL,BODY_TYPE,MANUFACTURE_DATE) values (106,'Berg','X-Treme Pedal Car',4,TO_DATE('2022-02-03', 'yyyy-mm-dd'));
Insert into SCOTT.E_CAR (ID,MAKE,MODEL,BODY_TYPE,MANUFACTURE_DATE) values (107,'Chevy','Malibu',1,TO_DATE('2022-01-14', 'yyyy-mm-dd'));
Insert into SCOTT.E_CAR (ID,MAKE,MODEL,BODY_TYPE,MANUFACTURE_DATE) values (108,'Tesla','Model S',1,TO_DATE('2022-01-22', 'yyyy-mm-dd'));

Insert into SCOTT.E_CAR_ENGINE (ID,ENGINE_TYPE,ENGINE_SIZE_L,HORSEPOWER) values (101,3,null,266);
Insert into SCOTT.E_CAR_ENGINE (ID,ENGINE_TYPE,ENGINE_SIZE_L,HORSEPOWER) values (102,1,3,444);
Insert into SCOTT.E_CAR_ENGINE (ID,ENGINE_TYPE,ENGINE_SIZE_L,HORSEPOWER) values (103,1,3.5,450);
Insert into SCOTT.E_CAR_ENGINE (ID,ENGINE_TYPE,ENGINE_SIZE_L,HORSEPOWER) values (104,2,6.7,470);
Insert into SCOTT.E_CAR_ENGINE (ID,ENGINE_TYPE,ENGINE_SIZE_L,HORSEPOWER) values (105,1,2.7,159);
Insert into SCOTT.E_CAR_ENGINE (ID,ENGINE_TYPE,ENGINE_SIZE_L,HORSEPOWER) values (107,1,3.5,250);
Insert into SCOTT.E_CAR_ENGINE (ID,ENGINE_TYPE,ENGINE_SIZE_L,HORSEPOWER) values (108,3,null,670);

Commit;
