
-- Drop and re-create the whole SCOTT schema
-- Based on SQL Developer and original scott creation script
-- (<Oracle Install Dir>\app\oracle\product\11.2.0\server\rdbms\admin\scott.sql)

DROP TABLE SALGRADE;
DROP TABLE BONUS;
DROP TABLE EMP_PERF;
DROP TABLE EMP;
DROP TABLE DEPT;

--------------------------------------------------------
--  File created - Saturday-November-24-2018   
--------------------------------------------------------
--------------------------------------------------------
--  DDL for Table BONUS
--------------------------------------------------------

CREATE TABLE BONUS
	(
	ENAME VARCHAR2(10)	,
	JOB VARCHAR2(9)  ,
	SAL NUMBER,
	COMM NUMBER
	) ;
--------------------------------------------------------
--  DDL for Table DEPT
--------------------------------------------------------

CREATE TABLE DEPT
       (DEPTNO NUMBER(2) CONSTRAINT PK_DEPT PRIMARY KEY,
	DNAME VARCHAR2(14) ,
	LOC VARCHAR2(13) ) ;
--------------------------------------------------------
--  DDL for Table EMP
--------------------------------------------------------

CREATE TABLE EMP
       (EMPNO NUMBER(4) CONSTRAINT PK_EMP PRIMARY KEY,
	ENAME VARCHAR2(10),
	JOB VARCHAR2(9),
	MGR NUMBER(4),
	HIREDATE DATE,
	SAL NUMBER(7,2),
	COMM NUMBER(7,2),
	DEPTNO NUMBER(2) CONSTRAINT FK_DEPTNO REFERENCES DEPT);
--------------------------------------------------------
--  DDL for Table SALGRADE
--------------------------------------------------------

CREATE TABLE SALGRADE
      ( GRADE NUMBER,
	LOSAL NUMBER,
	HISAL NUMBER );

REM INSERTING into DEPT
SET DEFINE OFF;
INSERT INTO DEPT (DEPTNO, DNAME, LOC) VALUES (10, 'ACCOUNTING', 'NEW YORK');
INSERT INTO DEPT (DEPTNO, DNAME, LOC) VALUES (20, 'RESEARCH', 'DALLAS');
INSERT INTO DEPT (DEPTNO, DNAME, LOC) VALUES (30, 'SALES', 'CHICAGO');
INSERT INTO DEPT (DEPTNO, DNAME, LOC) VALUES (40, 'OPERATIONS', 'BOSTON');
REM INSERTING into EMP
SET DEFINE OFF;
INSERT INTO EMP (EMPNO, ENAME, JOB, MGR, HIREDATE, SAL, COMM, DEPTNO) VALUES (7369, 'SMITH', 'CLERK', 7902, to_date('17-DEC-1980', 'DD-MON-YYYY'), 800, NULL, 20);
INSERT INTO EMP (EMPNO, ENAME, JOB, MGR, HIREDATE, SAL, COMM, DEPTNO) VALUES (7499, 'ALLEN', 'SALESMAN', 7698, to_date('20-FEB-1981', 'DD-MON-YYYY'), 1600, 300, 30);
INSERT INTO EMP (EMPNO, ENAME, JOB, MGR, HIREDATE, SAL, COMM, DEPTNO) VALUES (7521, 'WARD', 'SALESMAN', 7698, to_date('22-FEB-1981', 'DD-MON-YYYY'), 1250, 500, 30);
INSERT INTO EMP (EMPNO, ENAME, JOB, MGR, HIREDATE, SAL, COMM, DEPTNO) VALUES (7566, 'JONES', 'MANAGER', 7839, to_date('02-APR-1981', 'DD-MON-YYYY'), 2975, NULL, 20);
INSERT INTO EMP (EMPNO, ENAME, JOB, MGR, HIREDATE, SAL, COMM, DEPTNO) VALUES (7654, 'MARTIN', 'SALESMAN', 7698, to_date('28-SEP-1981', 'DD-MON-YYYY'), 1250, 1400, 30);
INSERT INTO EMP (EMPNO, ENAME, JOB, MGR, HIREDATE, SAL, COMM, DEPTNO) VALUES (7698, 'BLAKE', 'MANAGER', 7839, to_date('01-MAY-1981', 'DD-MON-YYYY'), 2850, NULL, 30);
INSERT INTO EMP (EMPNO, ENAME, JOB, MGR, HIREDATE, SAL, COMM, DEPTNO) VALUES (7782, 'CLARK', 'MANAGER', 7839, to_date('09-JUN-1981', 'DD-MON-YYYY'), 2450, NULL, 10);
INSERT INTO EMP (EMPNO, ENAME, JOB, MGR, HIREDATE, SAL, COMM, DEPTNO) VALUES (7788, 'SCOTT', 'ANALYST', 7566, to_date('09-DEC-1982', 'DD-MON-YYYY'), 3000, NULL, 20);
INSERT INTO EMP (EMPNO, ENAME, JOB, MGR, HIREDATE, SAL, COMM, DEPTNO) VALUES (7839, 'KING', 'PRESIDENT', NULL, to_date('17-NOV-1981', 'DD-MON-YYYY'), 5000, NULL, 10);
INSERT INTO EMP (EMPNO, ENAME, JOB, MGR, HIREDATE, SAL, COMM, DEPTNO) VALUES (7844, 'TURNER', 'SALESMAN', 7698, to_date('08-SEP-1981', 'DD-MON-YYYY'), 1500, 0, 30);
INSERT INTO EMP (EMPNO, ENAME, JOB, MGR, HIREDATE, SAL, COMM, DEPTNO) VALUES (7876, 'ADAMS', 'CLERK', 7788, to_date('12-JAN-1983', 'DD-MON-YYYY'), 1100, NULL, 20);
INSERT INTO EMP (EMPNO, ENAME, JOB, MGR, HIREDATE, SAL, COMM, DEPTNO) VALUES (7900, 'JAMES', 'CLERK', 7698, to_date('03-DEC-1981', 'DD-MON-YYYY'), 950, NULL, 30);
INSERT INTO EMP (EMPNO, ENAME, JOB, MGR, HIREDATE, SAL, COMM, DEPTNO) VALUES (7902, 'FORD', 'ANALYST', 7566, to_date('03-DEC-1981', 'DD-MON-YYYY'), 3000, NULL, 20);
INSERT INTO EMP (EMPNO, ENAME, JOB, MGR, HIREDATE, SAL, COMM, DEPTNO) VALUES (7934, 'MILLER', 'CLERK', 7782, to_date('23-JAN-1982', 'DD-MON-YYYY'), 1300, NULL, 10);
REM INSERTING into SALGRADE
SET DEFINE OFF;
INSERT INTO SALGRADE (GRADE, LOSAL, HISAL) VALUES (1, 700, 1200);
INSERT INTO SALGRADE (GRADE, LOSAL, HISAL) VALUES (2, 1201, 1400);
INSERT INTO SALGRADE (GRADE, LOSAL, HISAL) VALUES (3, 1401, 2000);
INSERT INTO SALGRADE (GRADE, LOSAL, HISAL) VALUES (4, 2001, 3000);
INSERT INTO SALGRADE (GRADE, LOSAL, HISAL) VALUES (5, 3001, 9999);

COMMIT;
